CODIGO,DESCRIPCION
CAPIT,Capital Federal
VICHI,Villa Chica
CLG,Colonia Liebig
BARAD,Baradero
ZARAT,Zárate
MDP,Mar del Plata
LONG,Longchamps
AGCHA,Adolfo Gonzales Chavez
ARMEN,Armenia
MCH,Mar Chiquita
MIR,Miramar
NECOC,Necochea
BELGR,Belgrano
LMIR,Lomas del Mirador
SNIC,San Nicolás
BERG,Bergamisqui
TAPA,Tapalque
CAMPA,Campamento
LAPLA,La Plata
MAGDA,Magdalena
GON,Manuel B. Gonnet
CDADI,Campamento Dadin
ABA,Abasto
RIN,Ringuelet
CSTAN,Campamento Standar Oil
CARIS,Campo Aristimuño
RAFAE,Rafael Castillo
BAHIA,Bahia Blanca
TRE,Trelew
RAW,Rawson
CDORO,Comodoro Rivadavia
BERA,Berazategui
QUI,Quilmes
VILLV,Villa Ventana
SIERR,Sierra de la Ventana
RIO,Rio Gallegos
SALA,Saladillo
CBUEN,Campo Buena Vista
CCASE,Campo Caseros
CCRES,Campo Crespo
VILMA,Villa Martelli
VILLE,Villa España
AVE,Avellaneda
DONBO,Don Bosco
EZPEL,Ezpeleta
CMEDI,Campo del Medio
CITUR,Campo Iturraspe
QUER,Querandi
VILDO,Villa Dominico
CELIS,Campo La Elisa
QUIO,Quilmes Oeste
ADROG,Adrogue
CLIMA,Campo La Lima
CNENA,Campo La Nena
CRIVI,Campo La Riviere
CISAB,Campo Santa Isabel
ALBON,Aldo Bonzi
MOR,Moron
CVOLA,Campo Volante
CLIRI,Canal Martin Irigoyen
TIGR,Tigre
CLFER,Canal San Fernando
DOCSU,Dock Sud
CANDO,Candonga
VILLT,Villa Tesei
CANNI,Canning
ECHE,Echeverria
MOREN,Moreno
SANRI,San Jose del  Rincon
ALBIO,Cantera Albion
FEDER,Cantera La Federacion
SAR,Sarandi
SLUIS,Cantera San Luis
CLAYP,Claypole
QUEM,Quempu Niyeu
RANEL,Ranelagh
DONTO,Don Torcuato
BURZA,Burzaco
QUIL,Quilco
BANFI,Banfield
PALOM,El Palomar
VILSA,Villa Sarmiento
RAFA,Rafaela
RAMA,Ramallo
RAN,Rancul
BELVI,Bella Vista
LUISG,Luis Guillón
GUERN,Guernica
RAU,Raulet
GLEW,Glew
LIBER,Libertad
CAPIL,Capilla
SANAN,San Andrés
CAPIN,Capilla de los Ingleses
PERGA,Pergamino
CASTE,Castelar
ITUZA,Ituzaingo
HURLI,Hurlingham
CATAN,Gonzalez Catán
ISIDR,San Isidro
ROSAR,Rosario
CAPSE,Capilla del Señor
VLYNC,Villa Lynch
MARTI,Martín Coronado
GARMA,De La Garma
CAPSA,Capitan Sarmiento
CARIL,Carilo
TRES,Tres de Febrero
BOSCH,Villa Bosch
BALLE,Villa Ballester
CSPEG,Carlos Spegazzini
PACHE,Gral. Pacheco
MONTE,San Miguel del Monte
PONTE,Pontevedra
VMAD,Villa Madero
MAIPU,Villa Maipu
JUN,Junin
CSOUR,Carlos T Sourigues
CTEJE,Carlos Tejedor
AREC,Carmen de Areco
TAPIA,Tapiales
VILUZ,Villa Luzuriaga
PALO,Palomar
REME,Remedios de Escalada
CARNE,Carnerillos
CARRI,Carriquiborde
SALTO,Salto
TABLA,La Tablada
MAT,La Matanza
LINI,Liniers
ALMA,Almagro
LOPE,Gral. Lopez
CASEY,Casey
VIRRP,Virrey del Pino
SAE,Saenz Peña
INSU,Villa Insuperable
NOGUE,Pablo Nogués
GRAL,Gral. Las Heras
CASTI,Castillas
CASUA,Casualidad
CATAM,Catamarca
CATRI,Catriel
CAYAS,Cayasta
CENTE,Centenario
GUERR,Central Guerrero
PATO,El Pato Centro Agricola
LEON,Cerro de los Leones
BAND,Cerro Bandera
GLORI,Cerro de la Gloria
HERMI,Cerro Hermitte
CHACH,Chachapoyas
CHALA,Chalaquilca
CHAJ,Chaja
CHAJA,Chajari
CHALL,Challaco
CHAMI,Chamical
CHAPA,Chapadmalal
CHARI,Charigue
LEUFU,Chapaleufu
CHAP,Chapar
CHAS,Chas
CHENO,Chenaut
CHIJR,Chijra
CHILC,Chilcar
MUERT,China Muerta
CHUQI,Chuquina
CINCO,Cinco Saltos
NIEVA,Ciudad de Nieva
CLAVE,Claverie
CLORI,Clorinda
COLAS,Colastine
COLMA,Colman
VELEZ,Colinas de Velez Sarsfield
COLIN,Coliniyen
BEETH,Colonia Beethoven
ITALI,Colonia Bella Italia
UDAON,Colonia Dr Gob Udaondo
ESCAL,Colonia Escalante
RUIZ,Colonia Gobernador Ruis
GUIBU,Colonia Guiburg
INCHA,Colonia Inchausti
JOSEG,Colonia Jose R Gomez
LACAP,Colonia La Capilla
VALEN,Colonia La Valentina
LAGOS,Colonia Lagos
COBAN,Colonia Las Banderitas
CHIVA,Colonia Los Chivatos
USTAR,Colonia Los Tres Ustariz
MASCI,Colonia Mascias
NARCI,Colonia Nueva Narciso
RUSA,Colonia Rusa
JOAQU,Colonia San Joaquin
MATEO,Colonia San Mateo
MARIA,Colonia Santa Maria
SUIZA,Colonia Suiza
VEDOY,Colonia Vedoya
ZAMBU,Colonia Zambungo
COLUM,Columbo
PY,Comodoro Py
CONCE,Concepcion del Uruguay
CORAC,Coraceros
BRAND,Coronel Brandsen
CHARL,Coronel Charlone
DORRE,Coronel Dorrego
GRANA,Coronel Granada
MALDO,Coronel Maldonado
MARCE,Coronel Marcelino Freyre
MOM,Coronel Mom
SEGUI,Coronel Segui
CORRI,Corrientes
COSQU,Cosquin
COSAZ,Costa Azul
COSBA,Costa Batel
SARAN,Costa de Sarandi
DOMIN,Costa de Villa Dominico
LUCIA,Costa  Santa Lucia
CRIST,Cristiano Muerto
CRISB,Cristino Benavidez
CRUCE,Crucecita
CUATR,Cuatro de Noviembre
ESQUI,Cuatro Esquinas
CUAY,Cuay Chico
JESUS,Jesus Maria
REMOL,Remolcador Guarani
KENNE,John Kennedy
NEWBE,Jorge Newbery
GUISA,Jose A Guisasola
FERRA,Jose Ferrari
HERN,Hernandez Jose
JOING,Jose Ingenieros
JMBOS,Jose Maria Bosch
JMMIC,Jose Maria Micheo
JMART,Jose Marti
JSOJO,Jose Sojo
JOVIT,Jovita
ANCHO,Juan Anchorena
ATUCH,Juan Atucha
JBJUS,Juan B Justo
BAUTI,Juan Bautista de la Salle
GALAN,Juan Galan
JJPAS,Juan Jose Paso
JMGU,Juan Maria Gutierrez
JCILL,Juan Cilley
JARDI,Juan Arditi
JUNIN,Junin
ANDES,Junin de los Andes
JVILL,Justo Villegas
KRABB,Krabbe
RET,Retiro San Pablo
LAALA,La Alameda
LAALC,La Alcira
LAALI,La Alianza
LAALM,La Almona
LAAMA,La Amalia
LAAMI,La Amistad
LAANG,La Angelita
LAARG,La Argentina
LAARM,La Armonia
LAAZO,La Azotea Grande
LABAL,La Ballenera
LABAS,La Balsa
LABAR,La Barrancosa
LABEB,La Beba
LABRA,La Brava
LABUE,La Buena Moza
LACAB,La Cabaña
LACAL,La Calabria
LACAM,La Campana
REY,Reyes
LACEL,La Celia
LCARR,La Carreta
LACAT,La Catalina
LACER,La Ceramica y Cuyo
LACHU,La Chumbeada
LACOL,La Colina
LCOLO,La Colorada
LACOP,La Copeta
LCORA,La Cora
LCORI,La Corinco
RIA,Riacho Negro
LACOT,La Cotita
LCUES,La Cuesta
DELIA,La Delia
LDESP,La Despierta
LDORM,La Dormilona
LDULC,La Dulce
LELVI,La Elvira
LEMIL,La Emilia
ESMER,La Esmeralda
ESPE,La Esperanza
ESTAN,La Estancia Vieja
LAEST,La Estancita
ESTRE,La Estrella
FABRI,La Fabrica
PAMPI,La Pampita
LPALO,La Paloma
RDE,Rincon de Emilio
RDN,Rincon de Noario
NEUQ,Neuquen
ALBE,Alberdi
ATAL,Atalaya
COBO,Cobo Manuel
GOR,Gorina
APO,Apostoles
ARAN,Arana
GROD,Gral. Rodriguez
AZL,Azul
OLA,Olavarria
RCA,Rafael Calzada
TAN,Tandil
DOL,Dolores
VER,Veronica
FLO,Florida
BJU,Benito Juarez
SMI,San Miguel
SPED,San Pedro
MAR,Marcos Paz
ALTBL,Alto Blanco
CHRIS,Christophersen
CIPOL,Cipolletti
CONCO,Concordia
CRESP,Crespo
VMART,Villa Martelli
VADEL,Villa Adelina
GRAND,Grand Bourg
MATHE,Matheu
VBALL,Villa Ballester
VSANA,Villa San Andres
JLSUA,Jose Leon Suarez
PODES,Pablo Podesta
CAMPO,Campo de Mayo
BELLA,Bella Vista
DELVI,Del Viso
VGOBU,Villa Gobernador Udaondo
GRGUE,Gral. Guemes
RCAS,Rafael Castillo
VCEL,Villa Celina
BUNGE,Ingeniero Bunge
TRIST,Tristan Suarez
VCASA,Vicente Casares
MAXP,Maximo Paz
AAFER,A A Fernandez
ABBOT,Abbott
ABBUR,Abburra
ASOUR,Adolfo Sourdeaux
ALBAT,Aerodromo Albatros
AGOTE,Agote
AGUAB,Agua Blanca
AGUAD,Aguada de Cordoba
AMOSC,Agustin Mosconi
ALBAR,Albardon
ALDEC,Aldecon
ALEGR,Alegre
APETI,Alejandro Petion
ASTEF,Alejandro Stefenelli
ALFAL,Alfalad
ALGAR,Algarrobal
ALGRR,Algarrobo
AALMA,Alianza Almacenes
ALTAL,Alianza Talleres
ALDES,Almacen El Descanso
ALCOL,Almacen La Colonia
ALGSM,Almacenes F.Gral. San Martin
IRIZ,Almirante Irizar
SOLIE,Almirante Solier
ALTAM,Altamirano
ORAN,Oran
ALABD,Alto Alberti
ALDEL,Alto del Talar
ALLAV,Alto La Viña
ALVER,Alto Verde
ALDTS,Altos de Tristan Suarez
ALDVI,Altos de Videla
ALVEA,Alvear
AMEG,Ameghino
AMER,America
ANVAC,Andres Vaccarezza
ANTAR,Antartida Argentina
GRROC,Gral. Roca
ARBUC,Arbuco
ARIAS,Arias
ADELV,Aristobulo del Valle
ARMON,Armonia
ARRAG,Arroyo Aguila Negra
ARRBO,Arroyo Botija Falsa
ARRBU,Arroyo Burgos
ARRCA,Arroyo Canelon
ARRDL,Arroyo de Luna
ARRFE,Arroyo Fedor
ARRGO,Arroyo Gonzalez
ARRNA,Arroyo Nacurutu
ARRLE,Arroyo Leyes
ARRMA,Arroyo Martires
ARRNE,Arroyo Negro
ARRPA,Arroyo Paiso
ARRPJ,Arroyo Pareja
ARRZA,Arroyo Zaiman
ARSEN,Arsenal San Lorenzo
ASAMB,Asamblea
ATAHU,Atahualpa
ATRE,Atreuco
AUTEP,Autocamping El Pinar
BADIO,Badiola
BAHLO,Bahia Lopez
BAHSB,Bahia San Blas
BAJGR,Bajo Grande
BAJLV,Bajo La Viña
BAJPA,Bajo Palermo
BALAR,Balnearia
BALAV,Balneario Aguas Verdes
BALCS,Balneario Cascallares
BALLM,Balneario Las Margaritas
BALMA,Balneario Massini
BALPA,Balneario Parada
BALPO,Balneario Popular
BANCA,Bancalari
BANDE,Bandelaro
BARDA,Barda Chica
BARIL,Bariloche
BARKE,Barker
BARRC,Barrancas Coloradas
BARRQ,Barranquillas
BAATE,Barrio ATE
BAACE,Barrio Acevedo
BAACI,Barrio Acindar
BAACO,Barrio Acosta Norte
VMAFE,Villa Mafekin
BAAER,Barrio Aeropuerto
BAALF,Barrio Alfar
BAARC,Barrio Arca
BAARI,Barrio Arco Iris
BAARG,Barrio Argital
BAASU,Barrio Asuncion
VMAUR,Villa Maurizzi
BATAL,Batal
BARTO,Bartolome Mitre
BATAN,Batan
BATHU,Bathurst
BAYOT,Bayo Tronco
BELEN,Belen
BELDE,Belen de Escobar
BELLO,San Francisco de Bellocq
BENEG,Benegas
BEVE,Beveriri
BLALO,Blanca Loma
BOCRN,Boca del Rio Negro
BONET,Bonete
BONIF,Bonifacio
BOQUE,Boqueron
BORDE,Bordenave
BSM,Boulogne Sur Mer
BORDU,Bordeu
BORGE,Borges
BORGH,Borghi
BUCHA,Buchanan
BUENA,Buena Vista
BULRR,Bulrrich
CABAA,Cabaña
CABAS,Cabaña Spindola
CABCO,Cabo Corrientes
CACHA,Cachari
CADRE,Cadret
CAFAR,Cafarreño
CAFAY,Cafayate
CAILO,Cailomuta
CAIN,Cain
CALAF,Calafate
CALCH,Calchines
CALER,Calera Avellaneda
CALET,Caleta Olivia
CALLA,Calle Larga
CAMAR,Camaron Chico
CAMBA,Cambaceres
CAMBI,Cambai
LPARA,La Para
LCPUE,Las Cuatro Puertas
LPERL,La Perla
PERLI,La Perlita
LPIED,La Piedra
POLVA,La Polvareda
PORTE,La Porteña
PRIMA,La Primavera
PRIMI,La Primitiva
PUNTI,La Puntilla
QUESE,La Quesera
RABIA,La Rabia
RAZON,La Razon
REFOR,La Reforma
LREJA,La Reja
RINCO,La Rinconada
RIOJA,La Rioja
LROSA,La Rosa
ROSAD,La Rosada
RUBIA,La Rubia
LSARI,La Sarita
LSIRE,La Sirena
LSOFI,La Sofia
TALIN,La Talina
TOBIA,La Tobiana
TRINI,La Trinidad
TROJA,La Troja
LVARA,La Vara
VERDE,La Verde
VICTO,La Victoria
HOMOS,La Villa de los Homos
VIRGI,La Virginia
ZANJA,La Zanja
BARDE,Labarden
CARRA,Lacarra
BOULA,Laboulaye
LGUTI,Lago Gutierrez
LMORE,Lago Moreno
LPUEL,Lago Puelo
LBRAV,Laguna Brava
COLOR,Laguna Colorada
LLOBO,Laguna de Lobos
LMONT,Laguna del Monte
LSOLD,Laguna del Soldado
LMULI,Lagunas las Mulitas
LREDO,Laguna Redonda
SIREN,Laguna Sirena
VARA,Laguna Vara
LARRE,Larrea
LARRO,Larrondo
ACHIR,Las Achiras
ASTIL,Las Astillas
BASES,Las Bases
BRUSC,Las Bruscas
LASCA,Las Canaletas
PILLA,Las Capillas
CASAS,Las Casas
CEJAS,Las Cejas
CHACR,Las Chacras
FELIC,Las Felicitas
GUASQ,Las Guasquitas
HERAS,Las Heras
LHIGU,Las Higuerillas
LLAGU,Las Lagunas
MALVI,Las Malvinas
MANZA,Las Manzanas
LMART,Las Martinetas
MATRE,Las Matreras
MOSTA,Las Mostazas
MULAS,Las Mulas
NATIT,Las Ñatitas
PAREJ,Las Parejas
PERLA,Las Perlas
PIEDR,Las Piedritas
LPIPI,Las Pipinas
LSALA,Las Saladas
TAHON,Las Tahonas
TONIN,Las Toninas
TORT,Las Tortugas
TUNAS,Las Tunas
VAQUE,Las Vaquerias
LASTR,Lastra
ALEM,Leandro N Alem
LEGAR,Legaristi
LCUA,Leon Cua
LUGON,Leopoldo Lugones
LERTO,Lertora
LEZAM,Lezama
LEZI,Lezica y Torrezuri
LIMA,Lima
LIMON,Limoncito
LCAME,Lopez Camelo
LMGR,Loma Grande
LML,Loma de la Lata
LMS,Loma de Salomon
LMN,Loma Negra
LMP,Loma Partida
LOMAS,Lomas
LMC,Lomas de Casasco
LMG,Lomas de Garone
LMM,Lomas de Marilo
LMSJ,Lomas de San Jose
LMY,Lomas de Yaravi
LMF,Lomas Floridas
LMV,Loma Verde
LMH,Loma Hermosa
LORET,Loreto
LORRO,Lorrondo
ALISO,Los Alisos
ANGAC,Los Angacos
BATEL,Los Angeles de Batel
BLANC,Los Blancos
BRETE,Los Bretes
CALLE,Los Callejones
CARDO,Los Cardos
CERRI,Los Cerrillos
CHANA,Los Chañares
CHIL,Los Chilcos
LCCAM,Los Cuatro Caminos
LCVIE,Los Cuatro Vientos
LDHER,Los Dos Hermanos
LDRIO,Los Dos Rios
DURAZ,Los Duraznos
EUCA,Los Eucaliptus
LGGUE,Los Gauchos de Guemes
GUE,Los Guemes
JUNC,Los Juncos
LAUR,Los Laureles
MANZ,Los Manzanos
MARIN,Los Marino
MERI,Los Merinos
MOLLE,Los Molles
NOGA,Los Nogales
NOQUE,Los Noques
PERAL,Los Perales
PORT,Los Porteños
LSVIE,Los Santos Viejos
TALAS,Los Talas
GUID,Guido Spano
LOBOS,Lobos
ETCH,Etcheverry
ACAS,Acassuso
KORN,Alejandro Korn
HARG,Haras Argentinas
AYA,Ayacucho
BAVIO,Bartolome Bavio
BRAGA,Bragado
HCHAC,Haras Chacabuco
HCHAP,Haras Chapadmalal
HCISN,Haras El Cisne
PUNTA,Punta Lara
HSALA,Haras El Salaso
ROM,Melchor Romero
CBL,City Bell
TOL,Tolosa
HOR,Los Hornos
ELV,Villa Elvira
HCARD,Haras Los Cardales
HOJO,Haras Ojo de Agua
HMAYO,Haras Primero de Mayo
HPARV,Haras R de la Parva
HRATA,Haras Rataplan
HENDE,Henderson
HIDAL,Hidalgo
HIGUE,Higuerrillas
HIPOL,Hipolito Yrigoyen
ICANA,Isla de Cañas
HOGG,Hogg
HORN,Hornos del Serrano
HOSPN,Hospital Necochea
HOSPS,Hospital Psiquiatrico Santa Fe
HOSPL,Hospital Sanatorio de LLanura
HOSPV,Hospital Vicente Lopez y Plane
HOTBA,Hotel Bahia Lopez
HOTCO,Hotel Los Coihues
HUAN,Huanguelen
HUES,Hueso Clavado
HUME,Hume
HUNTE,Hunter
HUSAR,Husares
PAULI,I Paulino
IPENA,Isla Peña
IGUAZ,Iguazu
INSTI,Instituto Agustin R Gambier
VILLA,Ingeniero Andres Villanueva
GIAGN,Ingeniero Giagnoni
MONET,Ingeniero Moneta
NOGU,Ingeniero Pablo Nogues
MORE,Ingeniero Rodolfo Moreno
THOMP,Ingeniero Thompson
IVER,Ivernadas
IRINE,Irineo Portela
IRIS,Iris
CASAN,Isidro Casanova
ICATA,Isla Catarelli
LACAN,La Cañada
IPUEN,Isla de Puen
IPORT,Isla del Porteño
IMACI,Isla Maciel
MZA,Mendoza
ISM,Isla San Martin
ISMAT,Isla San Mateo
IVIC,Isla Victoria
ISLAS,Islas
ISOND,Isondu
ITA,Ita - Cua
JZAPI,J Zapiola
JAURE,Jauregui
CANAA,Cañada de Arias
CANAG,Cañada de Gomez
CANAM,Cañada Marta
CANAQ,Cañada Querencia
CANAS,Cañadon Seco
CANAT,Cañadon Trincao
IBANE,Ibañez
ZAPA,Los Zapallos
LOUGE,Louge
LOYO,Loyola
LOZAN,Lozano Pedro
LUDUE,Ludueña
LUISC,Luis Chico
LUIGO,Luis Gomez
LUPAY,Lupay Niyeo
MACIO,Macio
MALAB,Malabrigo
MANRO,Manantial Rosales
BHER,Manantiales Bher
MJCOB,Manuel J Cobo
MJGAR,Manuel J Garcia
OCAMP,Manuel Ocampo
MNZA,Manzanares
SAVIO,Maquinista Francisco Savio
MDS,Mar del Sud
UGART,Marcelino Ugarte
MARJ,Marcos Juarez
MARIL,Mari Lauquen
HAEDO,Mariano J Haedo
MCOLM,Martin Colman
MBERR,Martin Berraondo
ARIN,Martin Arin
MCORO,Martin Coronado
MFIER,Martin Fierro
MARTZ,Martinez
MASPI,Mascio Pilco
MASSU,Mascio Sud
MATCA,Mata Caballo
MATNE,Mata Negra
MATAD,Mataderos
MAXIM,Maximo Paz
MECHI,Mechita
MECHO,Mechongue
MEDAN,Medanito
MEDAB,Medano Blanco
MEDA,Medanos
MEDLU,Media Luna
MGOME,Merlo Gomez
MIBAR,Mi Barrio
MIGUE,Miguelete
OSTIA,Mina Ostia
TITAN,Mina Titan
YPF,Minas YPF
RIVA,Ministro Rivadavia
MIRAN,Miranda
MOCOR,Mocoreta
MOLIN,Molinari
MGALI,Molino Galileo
CAZON,Mones Cazon
TARAZ,Montaraz
MCRES,Monte Crespo
MVEL,Monte Veloz
MVIE,Monte Viejo
MOORE,Moores
MOTHE,Mothe
MOURA,Mouras
MUELL,Muelle Puerto Belgrano
NAVA,Navarro
NEWTO,Newton
NINT,Nintes
NIRIH,Nirihuao
RIEST,De la Riestra Norberto
NHERM,Nueva Hermosura
NPT,Nuevo Puerto Tigre
NJULI,Nueve de Julio
NPARA,Nuevo Paraiso
NUPOR,Ñu Pora
OBER,Obera
OJO,Ojo de Agua
OLAEN,Olaen
OLID,Oliden
OLIVE,Oliveira
OMB,Ombu
ONCA,Oncativo
OPEN,Open Door
OREN,Orense
ORIEN,Oriente
ORLA,Orlando
ORTIZ,Ortiz de Rosas
OSTE,Ostende
OTO,Otoño
PACH,Pachan
STEFE,Padre Alejandro Stefenelli
PBLA,Pajas Blancas
PALAN,Palantelen
PALEM,Palemon Huergo
PALMI,Palmitas
PAL,Palo Blanco
OLAE,Pampa de Olaen
PAMCA,Pampa del Castillo
PAMAY,Pampa Mayo
PANCH,Pancho Diaz
PEM,Paraje El Mico
PEP,Paraje El Peligro
PHS,Paraje Hornos de Serrano
PSTA,Paraje Starache
PNOV,Paraje 19 de Noviembre
PARA,Parani
PQCOR,Parque el Cortijo
PQGAO,Parque Gaona
PQMIT,Parque Mitre
PQMUN,Parque Muñoz
PQSL,Parque San Lorenzo
PQSM,Parque San Martin
PQT,Parque Taillade
PARRA,Parravicini
PQUI,Pasaje el Quijote
PASC,Pasco
PDLI,Paso de Los Indios
PDLL,Paso de Los Libres
PLUC,Paso Lucero
PASOS,Pasos
PAST,Pasteur
PATAG,Patagones
PAV,Pavon
PAY,Payo
PAYS,Paysandu
PCO,Pehuen Co
PELEG,Pelegrini
HUEM,Peninsula Huemul
PER,Peralta
PEREY,Pereyra
PICA,Picada San Martin
PSALA,Pico Salamanca
PDB,Piedra Blanca
PDC,Piedra Caida
PDP,Piedra del Portillo
PILL,Pillahuinco
PIN,Piñeiro
PINE,Piñero
PINEY,Piñeyro
PIQU,Piquete
PIR,Piria
PIRO,Pirovano
PL,Pla
PLAY,Pla y Rognoni
PLANI,Planicie Banderita
PLAYB,Playa Bonita
PLAYM,Playa Las Margaritas
PLAYS,Playa San Bernardo
PZAHU,Plaza Huincul
PZAMO,Plaza Montero
PLOT,Plottier
POCI,Pocito
PORG,Portezuelo Grande
POSA,Posadas
OYHA,Posta de Oyhanart
POUR,Pourtale
POZOA,Pozo Azul
POZOC,Pozo Crespo
POZOM,Pozo del Molle
PRADE,Pradere
PRESB,Presbitero Francisco Perez Her
PRSP,Presidencia Roque Saenz Peña
PBCAN,Pueblo Candioti
PBJUL,Pueblo de Julio
PBNUE,Pueblo Nuevo
PBOTE,Pueblo Otero
PBPRO,Pueblo Peralta Ramos Oeste
PBSAL,Pueblo Salto
PBVIE,Pueblo Viejo
PTEB,Puente Batalla
PTEBA,Puente Batel
PTECN,Puente Cañete
PTECA,Puente Castex
PTESA,Puente Saavedra
PTEZA,Puente Zaiman
PTAIF,Puerta Ifran
PTOAN,Puerto Anchorena
PTOBE,Puerto Belgrano
PTOGA,Puerto Galvan
PTOSM,Puerto General San martin
PTOHO,Puerto Hormiguero
PTOLP,Puerto La Plata
PTOLL,Puerto Las Lajas
PTOMA,Puerto Madryn
PTOMO,Puerto Moreno
PTONE,Puerto Necochea
PTORO,Puerto Rosales
PTOSJ,Puerto San Julian
PTOSN,Puerto San Nicolas
PTOTI,Puerto Tigre
PMEDA,Punta Medanos
PMOGO,Punta Mogotes
PRASA,Punta Rasa
PRUBI,Punta Rubia
PUNT,Puntilla Blanca
PUNEG,Puntilla Negra
RNORT,Rincon Norte
VENAD,Venado Tuerto
VERG,Vergara
VIALE,Viale
VIAM,Viamonte
VIBO,Viboras
VICE,Vicealmirante E Montes
VIPER,Vicente Pereda
VIED,Viedma
VAGU,Villa Agueda
VAHO,Villa Ahora
VALBE,Villa Alberdi
VALB,Villa Albertina
VIALB,Vialla Albino
VANGE,Villa Angelica
VAL,Villa Aldeanita
VALEM,Villa Alem
VANGU,Villa Angus
VARG,Villa Argentina
VAUGU,Villa Augusta
VAURO,Villa Aurora
VBAR,Villa Barbosa
VBARC,Villa Barcelo
VBARI,Villa Barilari
VBA,Villa Barrio Altube
VIBAA,Villa Barrio Arca
VBL,Villa Barrio Laprida
VBEL,Villa Belgrano
VBEN,Villa Benquez
VBER,Villa Bernardo Monteagudo
VBES,Villa Besada
VBILL,Villa Billinghurst
VBLAN,Villa Blanquita
VBONI,Villa Bonich
VBRA,Villa Branda
PILAR,Pilar
BER,Berisso
BOU,Boulogne
BRNO,Bernal Oeste
PUAN,Puan
CHACA,Chacabuco
CLARO,Claromeco
RIO3,Rio Tercero
CORON,Coronel Pringles
DAIRE,Daireaux
ELDIQ,El Dique
ELRET,El Retiro
FUERT,Fuerte Barragan
HUDS,Hudson
CHAVE,Gonzalez Chavez A.
CORRE,Ignacio Correas
CABA,Ciudad Autonoma de Bs. Aires
CIRCU,Circunvalacion
SLUGA,Santos Lugares
ADELA,Adela
AALSI,Adolfo Alsina
FSEGU,Faro Segunda Barrancada
VIDAL,Coronel Vidal
CSUAR,Coronel Suarez
FATRA,Fatralo
FAUZO,Fauzon
FIORI,Fiorito
FINZE,Finca Mision Zenta
FINMA,Finca Villa Maria
FISHE,Fisherton
FONTE,Fontezuela
FORMO,Formosa
FORTP,Fortin Paunero
FORTC,Fortin Chaco
FORTN,Fortin Necochea
FORTV,Fortin Vigilancia
BERRA,Francisco Berra
AYERZ,Francisco Ayerza
CASAL,Francisco Casal
FRAYC,Fray Cayetano Rodriguez
FRAYL,Fray Luis Beltran
FREIR,Freire
FARGE,Fuerte Argentino
FROCA,Fuerte General Roca
FUNKE,Funke
GAHAN,Gahan
CUE,Galarza Cue
GALER,Galera Torres
GARRA,Garras
VALDE,Genaro Valdez
GRLAL,Gral. Alvarado
GRLOR,Gral. Fernandez Oro
GRLGA,Gral. Galarza
GRLGU,Gral. Guido
GRLLA,Gral. Lamadrid
GRPIC,Gral. Pico
GRLAV,Gral. Lavalle
GRLIV,Gral. Liborio Bernal
GRPIR,Gral. Piran
GRSAR,Gral. Sarmiento
GRVIA,Gral. Viamonte
GERMA,Germania
GOBAN,Gobernador Andonaegui
GOBCO,Gobernador Costa
RPOT,Rincon Potreros
GOBGA,Gobernador Luis Garcia
GOBMA,Gobernador Martinez
GOBMO,Gobernador Monteverde
GOBRU,Gobernador Ruiz
GOBUD,Gobernador Udaondo
GOBOS,Gobos
GODOY,Godoy Cruz
GOMVE,Gomez de la Vega
CASCA,Rio Alegre de Cascallares
GOROS,Goroso
RISOS,Gonzalez Risos
RCEB,Rio Ceballos
FRIGI,Gorro Frigio
GOWLA,Gowland
GOYEN,Goyeneche
GRAG,Gragnos
GRURQ,Gral. Urquiza
GUADA,Guadalupe
GDOCK,Grand Dock
VILAF,Gregorio Villafañe
GUALE,Gualeguay
GUAYC,Gualeguaychu
GUARD,Guardia del Monte
VIEJA,Guardia Vieja
GUEME,Guemes
GUER,Guerrero
LAFEL,La Feliciana
LFELI,La Felicidad
LAFLO,La Florida
LAFOR,La Fortuna
LAFRA,La Fraternidad
LAGAR,La Garita
LAGER,La Germania
LGERO,La Geromita
LGRAN,La Granja
LHORQ,La Horqueta
LAIND,La India
LAISL,La Isla
RCOLO,Rio Colorado
LAJUA,La Juanita
LAGUN,La Lagunilla
LALAR,La Larga
LLATA,La Lata
LALIM,La Limpia
LALOL,La Lolita
LALOM,La Loma
RCUAR,Rio Cuarto
LUCIN,La Lucinda
LUISA,La Luisa
LALUN,La Luna
LAMAL,La Malvina
LAMAN,La Manuelita
MARGA,La Margarita
LMARI,La Maria
MARIS,La Marisa
MART,La Martina
MATIL,La Matilde
MESET,La Meseta
MOROC,La Morocha
MOSCA,La Mosca
NACIO,La Nacion
NELID,La Nelida
NEVAD,La Nevada
NORIA,La Noria
NUHER,La Nueva Hermosura
NUPRO,La Nueva Provincia
NUMAN,La Numancia
LCHIL,Las Chilcas
LCOL,Las Colonias
COPET,Las Copetonas
CORTA,Las Cortaderas
GONI,Goni
RPUER,Rio de la Puerta
RPIE,Rio de las Piedras
RENC,Rio Encantado
RGDE,Rio Grande
RNEG,Rio Negro
RNIRI,Rio Nirihuano
RPESC,Rio Pescado
RIO2,Rio Segundo
RIVAR,Rivarola Rodolfo
PAYRO,Roberto Payro
RODEO,Rodeo de la Cruz
ROD,Rodriguez
ROJ,Rojas
ROLI,Rolito
ROLO,Rolon
ROOS,Roosevelt
ROVI,Rovira
RDARI,Ruben Dario
RUI,Ruinas
RDG,Ruiz Diaz de Guzman
RUT11,Ruta 11 km 23
RUT2A,Ruta 2 km 24.600 al 28
RUT2B,Ruta 2 km 28.100 al 30.900
RUT2C,Ruta 2 km 31 al 31.900
RUT2D,Ruta 2 km 32 al 36.900
RUT2E,Ruta 2 km 37 al 45.900
RUT2F,Ruta 2 km 44.500
RUT2G,Ruta 2 km 46 al 55.900
RUT2H,Ruta 2 km 56 al 64
R205,Ruta 205 km 32.500
RUT26,Ruta 26 km 48
RUT3A,Ruta 3 km 27 al 29.500
RUT3B,Ruta 3 km 29
RUT3C,Ruta 3 km 29.600 al 32.900
RUT3D,Ruta 3 km 974
RUT8A,Ruta 8 km 19.500 al 22.800
RUT8B,Ruta 8 km 37.500 al 41
RUT9A,Ruta 9 km 169.5
RUT9B,Ruta 9 km 72
SALAC,Salada Chica
SALAG,Salada Grande
SMC,Saladero M Cabal
SALAZ,Salazar
SALD,Saldana
SALDU,Saldungaray
SALG,Salguero
SALI,Salinas Grandes
SALTA,Salta
SALV,Salvador Maria
SAMB,Samborombon
SANAL,San Alberto
SANGI,San Andres de Giles
ANTO,San Antonio
ARECO,San Antonio de Areco
OESTE,San Antonio de Oeste
BORJI,San Borjita
SANEN,San Enrique
SANDA,San Daniel
SANED,San Eduardo
SANFE,San Felipe
SANF,San Fermin
SANIG,San Ignacio
SANFR,San Francisco
SANGA,San Gabriel
SANJA,San Jacinto
SANJO,San Jorge
SANJS,San Jose
SANJU,San Juan
SANLA,San Laureano
SANLO,San Lorenzo
SANPA,San Pablo
SPEDR,San Pedrito
SANRA,San Ramon de la Nueva Oran
SANQU,Sanquilco
CATAL,Santa Catalina
CECI,Santa Cecilia Sud
CLARA,Santa Clara del Mar
CLEME,Santa Clementina
ELENA,Santa Elena
INES,Santa Ines
IRENE,Santa Irene
ISAB,Santa Isabel
LUCI,Santa Lucia
SMAGD,Santa Magdalena
BELOC,Santa Maria de Bellocq
SMART,Santa Marta
RITA,Santa Rita
SABIN,Santa Sabina
STELL,Santa Stella
TERE,Santa Teresa
ALCOR,Santiago Alcorta
ESTER,Santiago del Estero
GARBA,Santiago Garbarini
SLARR,Santiago Larre
STOM,Santo Tomas
STOME,Santo Tome
SARGE,Sargento Barruffaldi
SARMI,Sarmiento
SATUR,Saturno
SAUCC,Sauce Corto
SAUCG,Sauce Grande
SAUZ,Sauzales
SEXTA,Seccion Sexta
SEGU,Segurola
PIO,Seminario Pio XII
SIMO,Simoca
SINSA,Sinsacate
SDM,Solana del Monte
SOLE,Soledad
SOLIS,Solis
SPER,Speroni
STAND,Standard
SUIP,Suipacha
TAILL,Taillade
TAMB,Tambo Nuevo
TEJO,Tejo
AGNET,Teniente Agneta
RICCH,Teniente Gral Ricchieri
BOUCH,Teniente Hipolito Bouchard
REYES,Termas de Reyes
TESEI,Tesei
TESO,Tesorero
TILQU,Tilquiza
TIMON,Timon Cruz
TIOD,Tio Domingo
TIROF,Tiro Federal
TOPA,Topador
TOSCA,Toscanini Arturo
TREIN,Treinta y Tres Orientales
TALG,Tres Algarrobos
TCHAN,Tres Chañares
TMAY,Tres Mayo
TPINO,Tres Pinos
TPOZO,Tres Pozos
TTAPE,Tres Taperas
TREVE,Trevelin
TRICA,Tricado
TRIN,Trinidad
TURDE,Turdera
TRUJU,Trujui
TUCU,Tucuman
UFERR,Union Ferroviaria
UTRAN,Union Tranviarios
UNQU,Unquillo
URDAM,Urdampilleta
URIBE,Uribelarrea
USHU,Ushuaia
VARGU,Villa Arguello
VDOLO,Villa Dolores
VECAR,Villa El Carmen
VPORT,Villa Porteña
VZUL,Villa Zula
VAGUE,Vagues
VALD,Valdes
ALSIN,Valentin Alsina
ANTON,Valenzuela Anton
VVIEJ,Valle Viejo
VECIN,Vecino
VEDO,Vedoya
VMAYO,Veinticinco de Mayo
43,?
41,?
35,?
99,NO EXISTE DOMICILIO
ELVB,Villa Elvira (Banfield)
1,SIN ASIGNAR
LROTO,La Rotonda
COLOI,Los Coloniales
ROSDT,Rosario del Tala
SANJG,San Jose de Gali
BRA,Brandsen
MERLO,Merlo
PIPIN,Pipinas
ELPEL,El Peligro
ASCEN,Ascencion
PRIDA,Laprida
LOBER,Loberia
WHITE,Ingeniero White
AMOS,Agustin Mosconi
FLORE,Las Flores
HUAJO,Pehuajo
POBLE,Poblet
DERQU,Presidente Derqui
RIVER,Rivera
SAAV,Saavedra
SALLI,Salliquelo
PADUA,San Antonio de Padua
SANCA,San Cayetano
SOLAN,San Francisco Solano
SEVIG,Sevigne
SANCL,San Clemente del Tuyu
TRENQ,Trenque Lauquen
TRESA,Tres Arroyos
ALBT,Alberti
CARAZ,Villa Caraza
25DEM,25 de Mayo
9DEJ,9 de Julio
SFE,San Fernando
TERES,Santa Teresita
TORTU,Tortuguitas
BROWN,Almirante Brown
QUEQU,Quequen
SARRA,Sarrat (Parada)
LAGRA,La Granja
QUINT,Las Quintas
PINTO,Gral. Pinto
GRALV,Gral. Alvear
GRVIL,Gral. Villegas
GRBEL,Gral. Belgrano
GRSAN,Gral. San Martin
MDA,Mar de Ajo
BRN,Bernal
ALSI,Alsina
JCPAZ,Jose C. Paz
JMAR,Jose Marmol
ALTO,Altona
CAM,Campana
CAS,Caseros
CDD,Ciudadela
CEV,Ciudad Evita
CHA,Chascomus
CHI,Chilecito
COR,Cordoba
ELI,Villa Elisa
ENS,Ensenada
ESC,Escobar
FVL,Florencio Varela
GAR,Garin
HAE,Haedo
IJA,Ingeniero Juan Allan
LAN,Lanus
LAV,LLavallol
LLU,La Lucila
LMZ,Lomas de Zamora
LTB,Tablada
LUJ,Lujan
MGR,Monte Grande
MTN,Martinez
MUN,Munro
OLI,Olivos
OLM,Lisandro Olmos
PAR,Parana
PLA,Platanos
RME,Ramos Mejia
RPE,Roque Perez
RST,Resistencia
SEG,Arturo Segui
SJU,San Justo
SLU,San Luis
SMA,San Martin
SSJ,San Salvador de Jujuy
TEM,Temperley
TPA,Talar de Pacheco
VLO,Vicente Lopez
WIL,Wilde
EZE,Aeropuerto Ezeiza
STF,Santa Fe
JONTE,Alvarez Jonte
ARRE,Arrecifes
ARRGR,Arroyo Grande
AUTSC,Autocamping San Clemente
BALCA,Balcarce
BECCA,Beccar
CANAL,Canal de Reunion
CANU,Cañuelas
CARAP,Carapachay
CASAR,Carlos Casares
CASBA,Casbas
CSLLI,Castelli
CHILL,Chillar
CHIVI,Chivilcoy
COLON,Colon
COLSR,Colonia Santa Rosa
4DEN,4 de Noviembre
DOCKC,Dock Central
DUSSA,Dussaud
ELPAR,El Parque
ELPIN,El Pino
ELROC,El Rocio
ELTAL,El Talar
ELORD,Elordi
IMG,Isla Martin Garcia
GAMBI,Gambier
GRLAR,Gral. Arenales
GRLCO,Gral. Conesa
GRLMA,Gral. Madariaga
GRLMS,Gral. Mansilla
GRLPZ,Gral. Paz
GERLI,Gerli
GOBOB,Gobernador Obligado
GOMEZ,Gomez
GRACI,Graciarena
GUAMI,Guamini
GUTIE,Gutierrez
HINOJ,Hinojales
IMAS,Ingeniero Maschwitz
JEPPE,Jeppener
JMBL,Jose Maria Blanco
JUARE,Juarez
LCUMB,La Cumbre
LCAR,La Carlota
LCOS,La Costa
LJOSE,La Josefa
LPAMP,La Pampa
LPAZ,La Paz
LFR,Laferrere
LINC,Lincoln
LGAUC,Los Gauchos
LPOLV,Los Polvorines
LTORD,Los Tordos
MGDA,Magdala
MAI,Maipu
MERC,Mercedes
MDEH,Martinez de Hoz
MDT,Mar del Tuyu
MONA,Monasterio
MCHIN,Monte Chingolo
MHERM,Monte Hermoso
MNZ,Muñiz
PDR,Paso del Rey
PLURO,Pedro Luro
PIGUE,Pigue
PILA,Pila
PINA,Pinamar
SBER,San Bernardo
PALTA,Punta Alta
PDCN,Punta del Canal
PIND,Punta Indio
QUIRO,Quiroga
RANCH,Ranchos
RAUCH,Rauch
RDELC,Rincon del Cazador
RIVAD,Rivadavia
RUFI,Rufino de Elizalde
SCAR,San Carlos
SVIC,San Vicente
STARS,Santa Rosa
SCHI,Sierra Chica
STROE,Stroeder
TODD,Todd
TORNQ,Tornquist
TRLOM,Tres Lomas
URQ,Urquiza
VEDIA,Vedia
VICT,Victoria
VIEY,Vieytes
VALBA,Villa Alba
VDELP,Villa del Plata
VELEN,Villa Elena
VGARI,Villa Garibaldi
VGES,Villa Gesell
VMAR,Villa Maria
VMACR,Villa Manuel Cruz
VSANJ,Villa San Jose
SLOR,Altos de San Lorenzo
FERRE,Ferre
CUEN,Cuenca
CUMBE,Cumbeao
CUTRA,Cutral-Co
CUTRI,Cutricutileo
DAIRO,Daireaux
SAENZ,Dalmiro Saenz
DARRA,Darragueira
VALLE,Del Valle
DESAM,Desamparados
GAYNO,Diego Gaynor
DOBLA,Doblas
BAS,Doctor Arturo Bas
LEVEN,Doctor Ricardo Levene
ROJA,Doctor Ricardo Rojas
DOLAV,Dolavon
DOMSE,Domselaar
MAXI,Don Maximo
DOYLE,Doyle
VICEN,Don Vicente
ACEQ,Dos Acequias
DRYS,Drysdale
DUDIG,Dudignac
DUGGA,Duggan
ALGA,El Algarrobal
AMAN,El Amancay
ARBOL,El Arbol
ARTES,El Artesano
BAGUA,El Bagual
BELCH,El Belcha
BOCHI,El Bochinchero
LANGU,El Carmen de Langueyu
CARME,El Carmen
CARRE,El Carretero
CENTI,El Centinela
ELCHA,El Chaja
CHUMB,El Chumbiao
ELCRI,El Cristiano
ELCRU,El Cruce
CUCHO,El Cucho
DESCA,El Descanso
DESLI,El Deslinde
DESTI,El Destino
GALLO,El Gallo
EMBRU,El Embrujo
EUCAL,El Eucaliptus
FENIX,El Fenix
ELGUA,El Guadal
ELGAU,El Gaucho Parejo
ELGRA,El Granadero
ELGUL,El Gualicho
ELJAG,El Jaguel
ELJAR,El Jardin
ELJUN,El Junco
ELLAU,El Laurel
ELLUC,El Lucero
ELMAI,El Maiten
ELMAN,El Mangrullo
ELMAR,El Martillo
ELMIR,El Mirador de Juarez
ELMIS,El Mistol
ELMOL,El Molino
ELNAC,El Nacional
ELNEN,El Nene Pasaje
ELNOY,El Noy
ELOAS,El Oasis
ELOMB,El Ombu
ELPAL,El Palenque
ELPAM,El Pampero
PARAI,El Paraiso
PARCH,El Parche
PELIG,El Peligroso
PERCH,El Perchel
ELPES,El Pescado
PINAR,El Pinar
ELPIT,El Pito
ELPOL,El Polear
ELPOR,El Porvenir
ELPOZ,El Pozo
ELPRO,El Progreso
ELREC,El Recado
ELREY,El Reymundo
ELRIN,El Rincon
ELROS,El Rosario
ELSES,El Sesenta
ELSIA,El Siasgo
ELSIL,El Silencio
ELSOC,El Socorro
ELSOL,El Sol
SOLDA,El Soldado
ELTRE,El Trebol
ELTRI,El Triangulo
TRIGO,El Trigo
TRIUN,El Triunfo
TROPE,El Tropezon
ELVEN,El Vence
ELVER,El Verano
ELVIG,El Vigilante
ELVOL,El Volante
ZORRO,El Zorro
EAYAR,Emilio Ayarza
EBUNG,Emilio Bunge
EMAGD,Empalme Magdalena
EMITA,Emita
EMMA,Emma
ELOBO,Empalme Lobos
EGRAN,Empalme Graneros
EVICE,Emplame San Vicente
ERRAM,Erramouspe
ESPAD,Espadaña
ESPAR,Espartillar
ESPEG,Espegazzini
ESPER,Esperon
CROTO,Esquina Crotto
NEGRA,Esquina Negra
ESTAB,Establecimiento San Miguel
ESTAS,Estacion Ascension
ESTCA,Estacion Caroya
ESTLA,Estacion Lazzarino
ESTLI,Estacion Lincoln
ESTAF,Estaf Los Talas
VZULA,Estaf Vzula
ESCHA,Estancia Chapar
ESCHI,Estancia Chica
ESCON,Estancia El Condor
ESRAF,Estancia San Rafael
ESTEL,Estela
ESTHE,Esther
ESTRU,Estrugamou
EVAPE,Eva Peron
EZEIZ,Ezeiza
FARO,Faro
FRECA,Faro Recalada
FQUER,Faro Querandi
FMOGO,Faro Punta Mogotes
FANTO,Faro San Antonio
VBROW,Villa Brown
BENAV,Benavidez
BOSQ,Bosques
BOLIV,Bolivar
PATA,Carmen de Patagones
CARHU,Carhue
CABIL,Cabildo
ESQUE,Esquel
PRICO,Puerto Rico
CARRO,Carrodilla
LASHE,Las Heras
VGGA,VILLA GOBERNADOR GALVEZ
CURUZ,Curuzu Cuatia
CSB,Colonia El Simbolar Robles
ARMS,Armstrong
OHIG,O'Higgins
TART,Tartagal
HUANG,Huanguelen
PTRUN,Pico Truncado
LASAL,Las Albahacas
VLANG,Villa la Angostura
MOQUE,Villa Moquehua
CAMON,Capilla del Monte
SUNCH,Sunchales
9 ABR,9 DE ABRIL
NORDE,Nordelta
MOCAS,Monte Castro
ZAR,Zarate
LACOJ,La Colonia Junin
POLDA,Polvaredas
MCAS,Monte Caseros
PIED,Piedritas
SANJQ,San Jose de los Quinteros
SMAND,San Martin de los Andes
SMIDT,San Miguel del Tucuman
SPEDM,San Pedro Martir
VVALI,Villa Valli
VVIVE,Villa Viveros
PARAP,Parada Pasco
CPOMA,Campomar
BONNE,Bonnement 
CDEPO,Campo de Pollo
CRAZA,Caraza
CAPLO,Capitan Lozano
LEMEE,Carlos Lemee
CRRTO,Cerrito
CLSM,Ciudad del Libert. San Martin
CUNIV,Ciudad Universitaria
COLSP,Colegio San Pablo
DESTF,Destileria Fiscal
SCHW,Doctor Albert Schweitzer
DOMFS,Domingo Faustino Sarmiento 
PERKI,Edmundo B Perkins
EJDLA,Ejercito de Los Andes
FMSL,Fabrica Militar San Lorenzo
EMIRE,Emiliano Reynoso
CETRA,Doctor Antonio Cetrangolo
GRDRS,Granaderos
INVER,Invernadas
ESCAS,Escuela Agraria Salesiana
ESCAT,Escuela Agraria Santo Tome Aq.
CUA11,Cuartel 11
CUA4,Cuartel  4
CUA9,Cuartel  9
CUAD,Cuadrilla 1011
VIDDO,Videla Dorna Z.
CLASM,Colonia Las Mercedes
VBSAS,Villa Buenos Aires
VBUI,Villa Buide
VCAB,Villa Cabral
VCAL,Villa Calzada
VCP,Villa Carlos Paz
VCARO,Villa Carola
VCAR,Villa Carolina
VCAS,Villa Castellino
VCAT,Villa Catela
VCEN,Villa Centenario
VCER,Villa Cerrito
VCHA,Villa Chacabuco
VNIE,Villa Ciudad de Nieva
VCJL,Villa Ciudad Jardin el Liberta
VCJLP,Villa Ciud Jard Lomas d Palom
VCLA,Villa Clara
VCONC,Villa Concepcion
VCONS,Villa Constitucion
VCOP,Villa Copacabana
VCORI,Villa Corina
VCUY,Villa Cuyaya
VNAC,Villa de las Naciones
VMAY,Villa de Mayo
VCARM,Villa del Carmen
VCARR,Villa del Carril
VLAG,Villa del Lago
VDM,Villa del Mar
VDELF,Villa Delfina
VDEPI,Villa Depietri
VDET,Villa Detry
VDEY,Villa Deya
VDIA,Villa Diamante
VDIAM,Villa Diamantina
VDV,Villa Diaz Velez
VDP,Villa Domingo Pronsato
VDB,Villa Don Bosco
VDORR,Villa Dorrego
VECHE,Villa Echenagucia
VECO,Villa Economia
VEDEN,Villa Eden Argentino
VFARO,Villa el Faro
VELE,Villa Elena
VESME,Villa Esmeralda
VESTA,Villa Estanislao Zeballos
VFLOR,Villa Florentino Ameghino
VFLO,Villa Floresta
VFOX,Villa Fox
VFRAN,Villa Francia
VGAL,Villa Galicia
VGIAM,Villa Giambruno
VGOLF,Villa Golf
VGON,Villa Gonnet
VGOR,Villa Gorriti
VGRA,Villa Gradaili
VGA,Villa Gral Arias
VGBEL,Villa Gral Belgrano
VGJTG,Villa Gral Jose Tomas Guido
VGMC,Villa Gral Manuel Caraballo
VGSM,Villa Gral San Martin
VGZ,Villa Gral Zapiola
VGB,Villa Grand Bourg
VGUI,Villa Guillermina
VHENZ,Villa Henz
VHID,Villa Hidalgo
VHUA,Villa Huasihul
VHUD,Villa Hudson
VHUE,Villa Hue
VILAS,Villa Ilasa
VIND,Villa Independencia
VINDU,Villa Industriales
VIRUP,Villa Irupe
VITAL,Villa Italia
VITE,Villa Ite
VJAR,Villa Jardin
VJR,Villa Jardin de Reyes
VJI,Villa Jose Ingenieros
VJLS,Villa Jose Leon Suarez
VJUL,Villa Julia
VJJDU,Villa Justo jose de Urquiza
VCHE,Villa la Chechela
VDEL,Villa La Delicia
VLF,Villa La Florida
VLUC,Villa la Lucila
VNATA,Villa la Ñata
VPAZ,Villa la Paz
VPER,Villa la Perla
VROSA,Villa la Rosa
VLB,Villa Lago del Bosque
VLAN,Villa Lanzoni
VLAR,Villa Larga
VLR,Villa las Rosas
VTUN,Villa las Tunas
VLAU,Villa Laura
VLEO,Villa Leon
VLIB,Villa Libertad
VLIBR,Villa Libres
VLH,Villa Loma Hermosa
VLON,Villa Longa
VLOP,Villa Lopez Romero
VLOR,Villa Loreto
VLALT,Villa los Altos
VLUCI,Villa Lucila
VLUG,Villa Lugano
VLUJ,Villa Lujan
VMAIO,Villa Maio
VMAL,Villa Malaver
VMARG,Villa Margarita
VMS,Villa Maria Selva
VMARI,Villa Marini
VMC,Villa Martin Coronado
VMF,Villa Martin Fierro
VMASI,Villa Maside
VMASO,Villa Massoni
VMATH,Villa Matheu
VMATI,Villa Matilde
VMYR,Villa Mayor
VMER,Villa Mercado
VMERC,Villa Mercedes
VMIT,Villa Mitre
VMOD,Villa Modelo
VMONI,Villa Monica
VMON,Villa Monroe
VMONS,Villa Monsegur
VMONT,Villa Montoro
VNOC,Villa Nocito
VNUE,Villa Nueva
VNUN,Villa Nuñez
VOBRE,Villa Obrera
VOLGA,Villa Olga
VOLI,Villa Olivero
VORT,Villa Ortega
VORTI,Villa Ortiz
VPARA,Villa Paranacito
VPARI,Villa Paris
VPR,Villa Parish Robertson
VPAR,Villa Parque
VPEN,Villa Penotti
VPOB,Villa Pobladora
VPOM,Villa Pompeo
VPONZ,Villa Ponzatti
VPORV,Villa Porvenir
VPRO,Villa Progreso
VRAF,Villa Raffo
VRAMA,Villa Ramallo
VRAT,Villa Ratti
VREAL,Villa Real
VREB,Villa Rebasa
VREC,Villa Recreo
VRIS,Villa Risso
VRIT,Villa Rita
VRIV,Villa Rivera
VSP,Villa Saenz Peña
VSA,Villa San Alberto
VSAN,Villa San Carlos
VSF,Villa San Francisco
VSL,Villa San Luis
VSMAR,Villa San Martin
VSMIG,Villa San Miguel
VSANP,Villa San Pedro
VSANR,Villa San Roque
VSELI,Villa Sanchez Elia
VSANG,Villa Sanguinetti
VSMA,Villa Santa Maria
VSR,Villa Santa Rita
VSROS,Villa Santa Rosa
VSANT,Villa Santina
VSLUG,Villa Santos Lugares
VSARI,Villa Sarita
VSAST,Villa Sastre
VSCAS,Villa Scasso
VSOL,Villa Sol
VSOLD,Villa Soldati
VSZA,Villa Suiza Argentina
VSUSA,Villa Susana
VTAL,Villa Talleres
VTA,Villa Talleres Alianza
VTRIA,Villa Triangulo
VTUR,Villa Turdera
VUNI,Villa Union
VVAL,Villa Vatteone
VVER,Villa Verde
VVIG,Villa Vignolo
VYAPE,Villa Yapeyu
VYORK,Villa York
VZAGA,Villa Zagala
VSEP,Villa 11 de Septiembre
VFANE,Villafañe
VWEN,Villafañe Wenceslao
VGUAY,Villaguay
VGRI,Villaigrillo
VIUNI,Villas Unidas 25 de Mayo
EXCEL,Villegas Conrado Excelso Gral
VCEVA,Virrey Cevallos
OLAG,Virrey Olaguer y Feliu
VREYE,Virreyes
VISTA,Vista Alegre
VITEL,Vitel
ZAPAT,Vuelta de Zapata
WILI,Wiliams C Morris
YAPE,Yapeyu
YATA,Yataiti Calle
YATAY,Yatay
YERB,Yerba Buena
YERBA,Yerbal Viejo
YRAI,Yraizoz
ZAIM,Zaiman
ZANJ,Zanjon Mascio
ZAPAL,Zapala
ZENT,Zentena
ZOILO,Zoilo Peralta
ZRURA,Zona Rural
28NOV,28 de Noviembre
30AGO,30 de Agosto
RTURB,Rio Turbio
LARQU,Larroque
PARAK,Parada Km. 158
CANAR,Cañada de Arias
PTEIF,Puerta Ifran
DIARE,Daireaux
GENAC,General Acha
1,EL RETIRO LA PLAT
2,KILOMETRO 66 (APE
3,VALERIA DEL MAR
4,TOMAS M DE ANCHOR
5,JUAN MARIA GUTIER
6,VILLANUEVA
7,SAN MIGUEL DEL MO
8,SAN BERNARDO DEL
9,INGENIERO RODOLFO
10,JOSE INGENIEROS (
SAUCV,Sauce Viejo
LTOLD,Los Toldos
GOYA,Goya
ITATI,Itati
JACAR,Jacinto Arauz
VHER,VALLE HERMOSO
SJOSE,San Jose (PDO. ALTE. BROWN)
FUNES,FUNES
VMOLL,VILLA MOLL
RADTI,Rada Tilly
CIUDA,Ciudadela 3 de Febrero
ELHU,EL Huecu
GBUST,General Bustos
BAMOR,Barrio Mariano Moreno
ARENA,Arenaza
SBAY,Sierras Bayas
BOLS,El Bolson
PALPA,Palpala Belgrano
VDROS,Villa del Rosario
11,COLONIA SERE
12,JAUREGUI JOSE MAR
MDPA,Mar de las Pampas
GRAMA,Gregorio Mayo
